Workload,Replication,Queue,AllowReneging,Servers,Buffer,ServiceRate,E_T,E_N,U,P_reject,Lambda,Arrivals,Rejected,Reneged
WL-STRESS-REN-X100-REP01,1,Entrance 1,1,1,inf,0.5,9.617773339344415,4.316662692147554,0.8976428409866841,0.0,0.44882142049334206,5013,0,4715
WL-STRESS-REN-X100-REP01,1,Entrance 2,1,1,inf,0.5,9.174819007029916,4.463312958858883,0.9729484484520099,0.0,0.48647422422600495,5010,0,4687
WL-STRESS-REN-X100-REP01,1,Grill,1,3,10,0.3333333333333333,3.351805701075843,2.1606275834802147,0.6446159999031892,0.0,0.6446159999031892,510,0,82
WL-STRESS-REN-X100-REP01,1,Beverage,1,3,10,0.3,4.059869343104256,2.6782029215039183,0.7329745793291716,0.0,0.6596771213962545,554,0,116
WL-STRESS-REN-X100-REP01,1,Dessert,1,3,10,0.25,4.595808044120148,2.637206688160521,0.7651049718477106,0.0,0.573828728885783,536,0,155
WL-STRESS-REN-X100-REP02,2,Entrance 1,1,1,inf,0.5,9.213359075124608,4.2801503973215205,0.9291183296823006,0.0,0.4645591648411503,5152,0,4839
WL-STRESS-REN-X100-REP02,2,Entrance 2,1,1,inf,0.5,9.417821731044429,4.40309153472525,0.9350551880189286,0.0,0.4675275940094643,5020,0,4705
WL-STRESS-REN-X100-REP02,2,Grill,1,3,10,0.3333333333333333,3.4879204282695055,2.3347468879755917,0.6693807774548204,0.0,0.6693807774548204,561,0,110
WL-STRESS-REN-X100-REP02,2,Beverage,1,3,10,0.3,4.003143622827647,2.4835570936449685,0.6893352179751538,0.0,0.6204016961776384,528,0,110
WL-STRESS-REN-X100-REP02,2,Dessert,1,3,10,0.25,4.553026012044986,2.797674390177124,0.8192864504546803,0.0,0.6144648378410102,577,0,163
WL-STRESS-REN-X100-REP03,3,Entrance 1,1,1,inf,0.5,9.222052504791932,4.3275917565134066,0.9385311467842365,0.0,0.4692655733921183,4956,0,4651
WL-STRESS-REN-X100-REP03,3,Entrance 2,1,1,inf,0.5,9.148901300696721,4.814086655260772,1.0523857449187177,0.0,0.5261928724593589,5038,0,4696
WL-STRESS-REN-X100-REP03,3,Grill,1,3,10,0.3333333333333333,3.3647385646148593,2.5263295549417037,0.7508249174273892,0.0,0.7508249174273892,586,0,98
WL-STRESS-REN-X100-REP03,3,Beverage,1,3,10,0.3,3.9128730005372288,2.5224852201147594,0.7162924417169311,0.0,0.6446631975452379,549,0,130
WL-STRESS-REN-X100-REP03,3,Dessert,1,3,10,0.25,4.381073600809742,2.8243169161790376,0.8595509300603172,0.0,0.6446631975452379,579,0,160
WL-STRESS-REN-X100-REP04,4,Entrance 1,1,1,inf,0.5,9.826555126835673,4.878412555659122,0.9929039205889152,0.0,0.4964519602944576,5160,0,4841
WL-STRESS-REN-X100-REP04,4,Entrance 2,1,1,inf,0.5,9.241717335711693,4.8181912552145745,1.042704744192121,0.0,0.5213523720960604,5014,0,4679
WL-STRESS-REN-X100-REP04,4,Grill,1,3,10,0.3333333333333333,3.4936868305155415,2.5010844225881215,0.7158868392960831,0.0,0.7158868392960831,561,0,101
WL-STRESS-REN-X100-REP04,4,Beverage,1,3,10,0.3,3.9888170886753733,2.8369185603715255,0.7902422356480917,0.0,0.7112180120832825,582,0,125
WL-STRESS-REN-X100-REP04,4,Dessert,1,3,10,0.25,4.884985973277427,2.9649302080042568,0.8092633835520938,0.0,0.6069475376640704,551,0,161
WL-STRESS-REN-X100-REP05,5,Entrance 1,1,1,inf,0.5,9.309096798942791,4.407787761677425,0.9469850527664521,0.0,0.47349252638322603,4993,0,4683
WL-STRESS-REN-X100-REP05,5,Entrance 2,1,1,inf,0.5,9.428806796890369,4.21964380146585,0.8950536143889369,0.0,0.44752680719446847,5048,0,4755
WL-STRESS-REN-X100-REP05,5,Grill,1,3,10,0.3333333333333333,3.5128667674976732,2.3018149448166914,0.6552525607045289,0.0,0.6552525607045289,512,0,83
WL-STRESS-REN-X100-REP05,5,Beverage,1,3,10,0.3,4.5105182120493525,2.721290909970051,0.670356802585571,0.0,0.6033211223270138,542,0,147
WL-STRESS-REN-X100-REP05,5,Dessert,1,3,10,0.25,4.71906997055163,2.724580545285476,0.7698072041843417,0.0,0.5773554031382563,497,0,119
WL-STRESS-REN-X100-REP06,6,Entrance 1,1,1,inf,0.5,9.024715985967777,4.364916791749945,0.9673250213163062,0.0,0.4836625106581531,5034,0,4704
WL-STRESS-REN-X100-REP06,6,Entrance 2,1,1,inf,0.5,9.673176749266274,4.239052523710512,0.876455095071441,0.0,0.4382275475357205,5057,0,4758
WL-STRESS-REN-X100-REP06,6,Grill,1,3,10,0.3333333333333333,3.459051523614377,2.301661058063293,0.6654023631478834,0.0,0.6654023631478834,563,0,109
WL-STRESS-REN-X100-REP06,6,Beverage,1,3,10,0.3,4.257861710715457,2.627254435762969,0.6855956800911869,0.0,0.6170361120820681,546,0,125
WL-STRESS-REN-X100-REP06,6,Dessert,1,3,10,0.25,5.022225991380444,2.694051061038283,0.7152342581853901,0.0,0.5364256936390426,523,0,157
WL-STRESS-REN-X100-REP07,7,Entrance 1,1,1,inf,0.5,9.565159937480727,4.33916057243284,0.9072844784183899,0.0,0.45364223920919494,4983,0,4689
WL-STRESS-REN-X100-REP07,7,Entrance 2,1,1,inf,0.5,9.665695317406868,4.444424370258775,0.9196284849274836,0.0,0.4598142424637418,5053,0,4755
WL-STRESS-REN-X100-REP07,7,Grill,1,3,10,0.3333333333333333,3.7371126179411314,2.4680054227378694,0.6604043482365151,0.0,0.6604043482365151,525,0,97
WL-STRESS-REN-X100-REP07,7,Beverage,1,3,10,0.3,3.5443971944577903,2.3899563888913304,0.7492126172880507,0.0,0.6742913555592456,522,0,85
WL-STRESS-REN-X100-REP07,7,Dessert,1,3,10,0.25,4.692878643654918,3.0050629596650342,0.8537937835456503,0.0,0.6403453376592377,571,0,156
WL-STRESS-REN-X100-REP08,8,Entrance 1,1,1,inf,0.5,9.444478643320958,4.549733836581633,0.9634695589680136,0.0,0.4817347794840068,4964,0,4655
WL-STRESS-REN-X100-REP08,8,Entrance 2,1,1,inf,0.5,9.597930490628679,4.773289838710228,0.9946498035948101,0.0,0.4973249017974051,5016,0,4697
WL-STRESS-REN-X100-REP08,8,Grill,1,3,10,0.3333333333333333,3.3122372082942677,2.365028790939979,0.7140276019536411,0.0,0.7140276019536411,550,0,92
WL-STRESS-REN-X100-REP08,8,Beverage,1,3,10,0.3,3.944088657828509,2.723954929356195,0.7673804649817153,0.0,0.6906424184835437,569,0,126
WL-STRESS-REN-X100-REP08,8,Dessert,1,3,10,0.25,4.2980289669004605,2.7807820879710414,0.8626534346747047,0.0,0.6469900760060285,548,0,133
WL-STRESS-REN-X100-REP09,9,Entrance 1,1,1,inf,0.5,9.381844285343655,4.264746977116173,0.9091489577968316,0.0,0.4545744788984158,5044,0,4742
WL-STRESS-REN-X100-REP09,9,Entrance 2,1,1,inf,0.5,8.978385837253692,4.230003327214221,0.9422636549351268,0.0,0.4711318274675634,4887,0,4574
WL-STRESS-REN-X100-REP09,9,Grill,1,3,10,0.3333333333333333,3.2343599636678446,2.3368331047219226,0.7225024830173497,0.0,0.7225024830173497,578,0,98
WL-STRESS-REN-X100-REP09,9,Beverage,1,3,10,0.3,3.3818744894384483,2.3823273979755024,0.7827110232687955,0.0,0.7044399209419159,565,0,97
WL-STRESS-REN-X100-REP09,9,Dessert,1,3,10,0.25,5.008706064362814,2.932737914650433,0.7807040719270805,0.0,0.5855280539453104,537,0,148
WL-STRESS-REN-X100-REP10,10,Entrance 1,1,1,inf,0.5,9.418745603925146,4.3756277088103825,0.9291317321463474,0.0,0.4645658660731737,4871,0,4570
WL-STRESS-REN-X100-REP10,10,Entrance 2,1,1,inf,0.5,9.712026839360709,4.646782756098305,0.9569130796191617,0.0,0.47845653980958086,5082,0,4772
WL-STRESS-REN-X100-REP10,10,Grill,1,3,10,0.3333333333333333,3.4150974821592874,2.4246091394713503,0.7099677687497007,0.0,0.7099677687497007,575,0,115
WL-STRESS-REN-X100-REP10,10,Beverage,1,3,10,0.3,4.149392465568366,2.702575070018211,0.723686952686893,0.0,0.6513182574182036,534,0,112
WL-STRESS-REN-X100-REP10,10,Dessert,1,3,10,0.25,4.73831163850371,2.8886938563990014,0.8128616482786427,0.0,0.6096462362089821,535,0,140
WL-STRESS-REN-X100-REP11,11,Entrance 1,1,1,inf,0.5,9.76751286057012,4.380721878576833,0.8969984357555553,0.0,0.44849921787777763,4981,0,4684
WL-STRESS-REN-X100-REP11,11,Entrance 2,1,1,inf,0.5,9.272694018664774,4.522865699805133,0.9755235513435837,0.0,0.48776177567179185,4932,0,4609
WL-STRESS-REN-X100-REP11,11,Grill,1,3,10,0.3333333333333333,3.848764608538525,2.580533855306359,0.6704836792516272,0.0,0.6704836792516272,546,0,102
WL-STRESS-REN-X100-REP11,11,Beverage,1,3,10,0.3,4.13607829290713,2.7044682552252324,0.7265251078977844,0.0,0.6538725971080058,553,0,120
WL-STRESS-REN-X100-REP11,11,Dessert,1,3,10,0.25,4.610758191282118,2.8198928762912545,0.8154531234141412,0.0,0.6115898425606059,548,0,143
WL-STRESS-REN-X100-REP12,12,Entrance 1,1,1,inf,0.5,9.580847068887465,4.274454591784056,0.8922915815376664,0.0,0.4461457907688332,4976,0,4692
WL-STRESS-REN-X100-REP12,12,Entrance 2,1,1,inf,0.5,9.464553940726882,4.460462220591413,0.9425615297933096,0.0,0.4712807648966548,5097,0,4797
WL-STRESS-REN-X100-REP12,12,Grill,1,3,10,0.3333333333333333,3.3706531416128875,2.361605666293876,0.7006374038130267,0.0,0.7006374038130267,531,0,85
WL-STRESS-REN-X100-REP12,12,Beverage,1,3,10,0.3,4.170758743461811,2.6863177734513943,0.7156485689171426,0.0,0.6440837120254282,541,0,131
WL-STRESS-REN-X100-REP12,12,Dessert,1,3,10,0.25,4.57828119988564,2.768991694435735,0.8064137532676093,0.0,0.604810314950707,520,0,135
WL-STRESS-REN-X100-REP13,13,Entrance 1,1,1,inf,0.5,9.136848685465461,4.579273827564007,1.0023748855222996,0.0,0.5011874427611498,4992,0,4661
WL-STRESS-REN-X100-REP13,13,Entrance 2,1,1,inf,0.5,9.511552615884973,4.507834257378309,0.9478650730165552,0.0,0.4739325365082776,5158,0,4845
WL-STRESS-REN-X100-REP13,13,Grill,1,3,10,0.3333333333333333,3.2234063338120387,2.3671674533242424,0.7343683073690563,0.0,0.7343683073690563,564,0,79
WL-STRESS-REN-X100-REP13,13,Beverage,1,3,10,0.3,3.9182929933478152,2.640153063956467,0.7486687211437116,0.0,0.6738018490293404,577,0,132
WL-STRESS-REN-X100-REP13,13,Dessert,1,3,10,0.25,4.648766121148502,2.8155929960762385,0.8075527778628798,0.0,0.6056645833971599,560,0,160
WL-STRESS-REN-X100-REP14,14,Entrance 1,1,1,inf,0.5,9.264307555555744,4.79360818243894,1.0348551478225148,0.0,0.5174275739112574,5065,0,4734
WL-STRESS-REN-X100-REP14,14,Entrance 2,1,1,inf,0.5,9.81355648162919,4.402809532134894,0.8972913215258663,0.0,0.44864566076293316,4966,0,4679
WL-STRESS-REN-X100-REP14,14,Grill,1,3,10,0.3333333333333333,3.727313714987199,2.6511171486469847,0.7112675109656257,0.0,0.7112675109656257,594,0,139
WL-STRESS-REN-X100-REP14,14,Beverage,1,3,10,0.3,3.7966834461506602,2.5936262956041864,0.7590327284297399,0.0,0.6831294555867659,552,0,115
WL-STRESS-REN-X100-REP14,14,Dessert,1,3,10,0.25,4.798196259163464,2.9402594181733432,0.8170457561861547,0.0,0.612784317139616,529,0,137
WL-STRESS-REN-X100-REP15,15,Entrance 1,1,1,inf,0.5,9.375208325305536,4.786030738662249,1.0209972029621588,0.0,0.5104986014810794,5081,0,4759
WL-STRESS-REN-X100-REP15,15,Entrance 2,1,1,inf,0.5,9.952510233846706,4.433815708462638,0.8909944535166665,0.0,0.44549722675833325,4960,0,4679
WL-STRESS-REN-X100-REP15,15,Grill,1,3,10,0.3333333333333333,3.6155035304718495,2.6137997830926634,0.7229421188676155,0.0,0.7229421188676155,554,0,98
WL-STRESS-REN-X100-REP15,15,Beverage,1,3,10,0.3,3.6264291787577845,2.5814530243248033,0.7909381368702714,0.0,0.7118443231832442,559,0,110
WL-STRESS-REN-X100-REP15,15,Dessert,1,3,10,0.25,4.532174885757091,2.8669376006143463,0.843432472012218,0.0,0.6325743540091635,524,0,125
WL-STRESS-REN-X100-REP16,16,Entrance 1,1,1,inf,0.5,9.674272011724462,4.443625674662131,0.918648073834766,0.0,0.459324036917383,5008,0,4716
WL-STRESS-REN-X100-REP16,16,Entrance 2,1,1,inf,0.5,9.236606916731187,4.51865487761688,0.9784231197349733,0.0,0.48921155986748666,4887,0,4576
WL-STRESS-REN-X100-REP16,16,Grill,1,3,10,0.3333333333333333,3.3207258298177402,2.455088770597343,0.7393229361341439,0.0,0.7393229361341439,563,0,93
WL-STRESS-REN-X100-REP16,16,Beverage,1,3,10,0.3,3.7015841501896145,2.5969214122777546,0.7795225284062132,0.0,0.7015702755655918,557,0,111
WL-STRESS-REN-X100-REP16,16,Dessert,1,3,10,0.25,4.624011535095691,2.931300058069305,0.8452401227292481,0.0,0.6339300920469361,558,0,155
WL-STRESS-REN-X100-REP17,17,Entrance 1,1,1,inf,0.5,8.790767070198585,4.550357588286187,1.0352583686837225,0.0,0.5176291843418612,4956,0,4612
WL-STRESS-REN-X100-REP17,17,Entrance 2,1,1,inf,0.5,9.135764541605282,4.35777167534683,0.9540026246300582,0.0,0.4770013123150291,4990,0,4673
WL-STRESS-REN-X100-REP17,17,Grill,1,3,10,0.3333333333333333,3.641950357844896,2.641443779929637,0.7252827524790033,0.0,0.7252827524790033,595,0,113
WL-STRESS-REN-X100-REP17,17,Beverage,1,3,10,0.3,3.660085336018395,2.5389400612073167,0.7707592182868155,0.0,0.6936832964581339,584,0,123
WL-STRESS-REN-X100-REP17,17,Dessert,1,3,10,0.25,4.553692709558773,2.925848987667877,0.8566963632324603,0.0,0.6425222724243452,586,0,159
WL-STRESS-REN-X100-REP18,18,Entrance 1,1,1,inf,0.5,9.423373882119547,4.260097210004171,0.9041554040612834,0.0,0.4520777020306417,5020,0,4724
WL-STRESS-REN-X100-REP18,18,Entrance 2,1,1,inf,0.5,9.052402312586795,4.686891725598799,1.0355023039755915,0.0,0.5177511519877958,4938,0,4599
WL-STRESS-REN-X100-REP18,18,Grill,1,3,10,0.3333333333333333,3.350613788524618,2.4921530398290095,0.7437900030031166,0.0,0.7437900030031166,605,0,118
WL-STRESS-REN-X100-REP18,18,Beverage,1,3,10,0.3,3.8709639249522256,2.55993180417889,0.7347959646368913,0.0,0.6613163681732022,526,0,93
WL-STRESS-REN-X100-REP18,18,Dessert,1,3,10,0.25,4.580067230242944,2.777050231864352,0.8084452599376791,0.0,0.6063339449532593,556,0,159
WL-STRESS-REN-X100-REP19,19,Entrance 1,1,1,inf,0.5,9.504628076124249,4.450908020764863,0.9365769991454169,0.0,0.46828849957270846,4912,0,4601
WL-STRESS-REN-X100-REP19,19,Entrance 2,1,1,inf,0.5,9.380573241929453,4.308065734474236,0.9185079895156019,0.0,0.45925399475780093,5051,0,4746
WL-STRESS-REN-X100-REP19,19,Grill,1,3,10,0.3333333333333333,3.36822484772803,2.3786307084176483,0.7061971263652742,0.0,0.7061971263652742,576,0,107
WL-STRESS-REN-X100-REP19,19,Beverage,1,3,10,0.3,3.8360973392644158,2.327811278743582,0.6742417482236568,0.0,0.606817573401291,495,0,92
WL-STRESS-REN-X100-REP19,19,Dessert,1,3,10,0.25,4.567701590124008,2.8542954389583417,0.8331821107081416,0.0,0.6248865830311062,567,0,152
WL-STRESS-REN-X100-REP20,20,Entrance 1,1,1,inf,0.5,9.452616027082627,4.518580707924799,0.9560487160334544,0.0,0.4780243580167272,4892,0,4576
WL-STRESS-REN-X100-REP20,20,Entrance 2,1,1,inf,0.5,9.578574838415284,4.433893604055964,0.925794009829864,0.0,0.462897004914932,5088,0,4782
WL-STRESS-REN-X100-REP20,20,Grill,1,3,10,0.3333333333333333,3.3257833682598625,2.4199253988189153,0.7276256841963474,0.0,0.7276256841963474,580,0,99
WL-STRESS-REN-X100-REP20,20,Beverage,1,3,10,0.3,4.087776742201978,2.5971641715849993,0.7059431447504411,0.0,0.6353488302753969,543,0,123
WL-STRESS-REN-X100-REP20,20,Dessert,1,3,10,0.25,4.3569045234156585,2.6692915428389483,0.8168770674969389,0.0,0.6126578006227041,548,0,143
WL-STRESS-REN-X100-REP21,21,Entrance 1,1,1,inf,0.5,9.045356188988375,4.3918535681203865,0.971073659535251,0.0,0.4855368297676255,4900,0,4566
WL-STRESS-REN-X100-REP21,21,Entrance 2,1,1,inf,0.5,9.490255891382397,4.166396303215487,0.8780366622145084,0.0,0.4390183311072542,5103,0,4801
WL-STRESS-REN-X100-REP21,21,Grill,1,3,10,0.3333333333333333,3.658476887526517,2.403889287203549,0.6570737935777448,0.0,0.6570737935777448,566,0,114
WL-STRESS-REN-X100-REP21,21,Beverage,1,3,10,0.3,3.3544608257466506,2.31628527120821,0.7672321827665408,0.0,0.6905089644898866,571,0,96
WL-STRESS-REN-X100-REP21,21,Dessert,1,3,10,0.25,4.882856188241619,2.8605839074298727,0.7811231233387349,0.0,0.5858423425040512,574,0,171
WL-STRESS-REN-X100-REP22,22,Entrance 1,1,1,inf,0.5,9.999263373458206,4.249551161048509,0.849972843465332,0.0,0.424986421732666,4967,0,4684
WL-STRESS-REN-X100-REP22,22,Entrance 2,1,1,inf,0.5,9.315304792147934,4.308602260413233,0.9250587837007853,0.0,0.46252939185039266,4989,0,4681
WL-STRESS-REN-X100-REP22,22,Grill,1,3,10,0.3333333333333333,3.369769197879158,2.2569588143050967,0.6697665869002439,0.0,0.6697665869002439,538,0,92
WL-STRESS-REN-X100-REP22,22,Beverage,1,3,10,0.3,3.7058637558978726,2.2483267771283293,0.6741048856694035,0.0,0.6066943971024631,474,0,70
WL-STRESS-REN-X100-REP22,22,Dessert,1,3,10,0.25,4.754166444869099,2.727258879673129,0.7648754445318181,0.0,0.5736565833988636,533,0,151
WL-STRESS-REN-X100-REP23,23,Entrance 1,1,1,inf,0.5,9.681159502768038,4.339711547901,0.8965272283056982,0.0,0.4482636141528491,5044,0,4751
WL-STRESS-REN-X100-REP23,23,Entrance 2,1,1,inf,0.5,9.21538316655252,4.243710614937509,0.9210057874403248,0.0,0.4605028937201624,5016,0,4715
WL-STRESS-REN-X100-REP23,23,Grill,1,3,10,0.3333333333333333,3.262139883367399,2.2807865754048593,0.6991688452827715,0.0,0.6991688452827715,537,0,80
WL-STRESS-REN-X100-REP23,23,Beverage,1,3,10,0.3,3.5423661204289325,2.498390034627962,0.7836538722960312,0.0,0.705288485066428,543,0,82
WL-STRESS-REN-X100-REP23,23,Dessert,1,3,10,0.25,5.1914565938502175,2.954595520537273,0.7588353331734238,0.0,0.5691264998800678,541,0,169
WL-STRESS-REN-X100-REP24,24,Entrance 1,1,1,inf,0.5,9.592097054995847,4.3559983722931,0.9082473514015098,0.0,0.4541236757007549,4961,0,4663
WL-STRESS-REN-X100-REP24,24,Entrance 2,1,1,inf,0.5,9.300646627994713,4.705536082512746,1.0118728881385948,0.0,0.5059364440692974,5053,0,4721
WL-STRESS-REN-X100-REP24,24,Grill,1,3,10,0.3333333333333333,3.7028271536688324,2.4884556764473706,0.6720420838390366,0.0,0.6720420838390366,547,0,106
WL-STRESS-REN-X100-REP24,24,Beverage,1,3,10,0.3,3.8293211211700684,2.5617939031211483,0.7433269710388942,0.0,0.6689942739350048,566,0,127
WL-STRESS-REN-X100-REP24,24,Dessert,1,3,10,0.25,4.742351577433491,3.049748868387766,0.8574505196676446,0.0,0.6430878897507335,576,0,154
WL-STRESS-REN-X100-REP25,25,Entrance 1,1,1,inf,0.5,9.560371111988266,4.249867442651126,0.8890590946458108,0.0,0.4445295473229054,4879,0,4591
WL-STRESS-REN-X100-REP25,25,Entrance 2,1,1,inf,0.5,9.209698589968696,4.904250642662564,1.0650187071277941,0.0,0.5325093535638971,5078,0,4733
WL-STRESS-REN-X100-REP25,25,Grill,1,3,10,0.3333333333333333,3.5065152830931514,2.619565386505333,0.7470566003621049,0.0,0.7470566003621049,595,0,111
WL-STRESS-REN-X100-REP25,25,Beverage,1,3,10,0.3,4.041036669531711,2.6508787694598333,0.7288775370842393,0.0,0.6559897833758153,549,0,124
WL-STRESS-REN-X100-REP25,25,Dessert,1,3,10,0.25,4.792822395555909,2.9073146172533044,0.8087968152680639,0.0,0.606597611451048,547,0,154
WL-STRESS-REN-X100-REP26,26,Entrance 1,1,1,inf,0.5,10.125171441353103,4.273055092952194,0.8440459734835173,0.0,0.42202298674175864,5047,0,4771
WL-STRESS-REN-X100-REP26,26,Entrance 2,1,1,inf,0.5,9.43717183421185,4.516616586706835,0.95719706413167,0.0,0.478598532065835,5029,0,4716
WL-STRESS-REN-X100-REP26,26,Grill,1,3,10,0.3333333333333333,3.2962571726676955,2.1672877092159832,0.6574995807933197,0.0,0.6574995807933197,508,0,78
WL-STRESS-REN-X100-REP26,26,Beverage,1,3,10,0.3,3.8715503129179885,2.5455427077638233,0.7305550897703553,0.0,0.6574995807933197,535,0,105
WL-STRESS-REN-X100-REP26,26,Dessert,1,3,10,0.25,4.728390330804343,2.906473705704834,0.8195808728028356,0.0,0.6146856546021268,568,0,166
WL-STRESS-REN-X100-REP27,27,Entrance 1,1,1,inf,0.5,9.194921903298535,4.586087782279426,0.9975262064236214,0.0,0.4987631032118107,4991,0,4667
WL-STRESS-REN-X100-REP27,27,Entrance 2,1,1,inf,0.5,9.741006920055916,4.753488222944368,0.9759747143095309,0.0,0.48798735715476543,5003,0,4686
WL-STRESS-REN-X100-REP27,27,Grill,1,3,10,0.3333333333333333,3.301086201892258,2.337566663863325,0.7081204551772621,0.0,0.7081204551772621,514,0,54
WL-STRESS-REN-X100-REP27,27,Beverage,1,3,10,0.3,4.113698972582777,2.761012072983506,0.7457500445828172,0.0,0.6711750401245354,593,0,157
WL-STRESS-REN-X100-REP27,27,Dessert,1,3,10,0.25,4.518746941847436,2.796361936520284,0.8251142695108967,0.0,0.6188357021331725,544,0,142
WL-STRESS-REN-X100-REP28,28,Entrance 1,1,1,inf,0.5,9.124286008814927,4.321088706853074,0.9471620470201157,0.0,0.4735810235100579,4870,0,4556
WL-STRESS-REN-X100-REP28,28,Entrance 2,1,1,inf,0.5,9.289055450820637,4.118921637023401,0.8868332542162868,0.0,0.4434166271081434,4870,0,4576
WL-STRESS-REN-X100-REP28,28,Grill,1,3,10,0.3333333333333333,3.214447601838758,2.1477054576023087,0.6681413803024066,0.0,0.6681413803024066,525,0,82
WL-STRESS-REN-X100-REP28,28,Beverage,1,3,10,0.3,3.9496146412512814,2.555504558896769,0.7189181142456293,0.0,0.6470263028210663,549,0,120
WL-STRESS-REN-X100-REP28,28,Dessert,1,3,10,0.25,5.081539514421237,2.9200139512671432,0.7661756686086286,0.0,0.5746317514564715,530,0,149
WL-STRESS-REN-X100-REP29,29,Entrance 1,1,1,inf,0.5,9.294486337093778,4.2500582103910345,0.9145332095285973,0.0,0.45726660476429865,4955,0,4634
WL-STRESS-REN-X100-REP29,29,Entrance 2,1,1,inf,0.5,9.245191121355763,4.319706002064422,0.934476301325171,0.0,0.4672381506625855,4950,0,4622
WL-STRESS-REN-X100-REP29,29,Grill,1,3,10,0.3333333333333333,3.448152301808582,2.254569243467349,0.6538485096162401,0.0,0.6538485096162401,552,0,93
WL-STRESS-REN-X100-REP29,29,Beverage,1,3,10,0.3,4.07626873296094,2.537515462010593,0.6916770726272016,0.0,0.6225093653644813,557,0,120
WL-STRESS-REN-X100-REP29,29,Dessert,1,3,10,0.25,4.3354677003742035,2.7050451488845555,0.8319118292285058,0.0,0.6239338719213794,580,0,142
WL-STRESS-REN-X100-REP30,30,Entrance 1,1,1,inf,0.5,9.757441549646906,4.385453888309712,0.8988942164800175,0.0,0.4494471082400088,4952,0,4657
WL-STRESS-REN-X100-REP30,30,Entrance 2,1,1,inf,0.5,9.632223642528144,4.417226080266613,0.9171768107135094,0.0,0.4585884053567547,5054,0,4753
WL-STRESS-REN-X100-REP30,30,Grill,1,3,10,0.3333333333333333,3.413390899009073,2.3610134090135118,0.6916914818337763,0.0,0.6916914818337763,540,0,86
WL-STRESS-REN-X100-REP30,30,Beverage,1,3,10,0.3,3.8539953106959155,2.5600841787708317,0.738075100537265,0.0,0.6642675904835385,543,0,107
WL-STRESS-REN-X100-REP30,30,Dessert,1,3,10,0.25,4.679449092921196,2.7947139874038895,0.7963085488365355,0.0,0.5972314116274016,558,0,166
